document_name,link_to_source,document_type,judge_author,court_type,country,state,court,order_type,case_types,ai_type,ai_use_case_for_filings,prohibited,disclose_ai_use_w_each_filing,disclose_ai_tool_used,disclose_how_ai_tool_used,identify_sections_drafted_with_ai,disclose_process_used_to_check_accuracy,certify_accuracy_non_use_on_notice,certify_accuracy_non_use_w_each_filing,certify_accuracy_if_planning_to_use_ai,certify_no_unauthorized_disclosure,certify_accuracy_w_each_filing_if_ai_used,just_a_warning,references_other_procedural_rules,maintain_ai_prompt_records,proprietary_info_nondisclosure_req,disclose_ai_generated_evidence,notice_to_opposing_parties_ai_evidence,ai_to_record_in_courtroom,applies_to,other_reqs_notes,date_yyyy_mm,court_original,court_abbreviation,judge_title,judge_name_clean,judge_last_name
"Judge's Procedures: 28. Generative Artificial Intelligence (""AI"")",https://www.cacd.uscourts.gov/honorable-karen-e-scott,Standing Order,Judge Karen E. Scott,Federal,US,California,US DC Central District of California,Judge Level,"Criminal,Civil",Any AI,Create,,No,,,,,,No,,,,checked,FRCP 11,,,,,,Attorneys,,,US DC Central District of California,C.D. Cal.,Judge,Karen E. Scott,Scott
Part 2 Rules Section 15,https://ww2.nycourts.gov/courts/2jd/kings/civil/MaslowRules.shtml,Local Rules,Judge Aaron D. Maslow,State,US,New York,"Supreme Court, Kings County",Judge Level,Civil,Gen AI,Draft,,Yes,checked,,checked,,,Yes,,,,,No,,,,,,"Attorneys,Pro Se Litigants",,,"Supreme Court, Kings County","Supreme Court, Kings County",Judge,Aaron D. Maslow,Maslow
Mandatory Certification Regarding Generative Artificial Intelligence,https://www.txnd.uscourts.gov/judge/judge-brantley-starr,Standing Order,Judge Brantley Starr,Federal,US,Texas,US DC Northern District of Texas,Judge Level,Civil,Gen AI,Draft,,No,,,,,checked,No,,,,,FRCP 11,,,,,,"Pro Se Litigants,Attorneys",Can move for leave if party believes a platform has requisite accuracy and reliability for legal briefing,2023-05,US DC Northern District of Texas,N.D. Tex.,Judge,Brantley Starr,Starr
Standing Order for Civil Cases Before Magistrate Judge Fuentes,https://www.ilnd.uscourts.gov/_assets/_documents/_forms/_judges/Fuentes/Standing%20Order%20For%20Civil%20Cases%20Before%20Judge%20Fuentes%20revision%201-9-24.pdf,Standing Order,Magistrate Judge Gabriel A. Fuentes,Federal,US,Illinois,US DC Northern District of Illinois,Judge Level,Civil,"Gen AI, excluding standard research tools","Prepare,Draft,Research",,Yes,,,,,,No,,,,,FRCP 11,,,,,,Any Parties,Must disclose only that AI was used. Notes that it is not intended to reveal attorney work product,2023-05,US DC Northern District of Illinois,N.D. Ill.,Magistrate Judge,Gabriel A. Fuentes,Fuentes
Pleadings Using Generative Artificial Intelligence,https://www.txnb.uscourts.gov/sites/txnb/files/news/General%20Order%202023-03%20Pleadings%20Using%20Generative%20Artificial%20Intelligence-signed.pdf,General Order,Judge Stacey G.C. Jernigan,Federal,US,Texas,US Bankruptcy Court Northern District of Texas,Court Level,Bankruptcy,Gen AI,Draft,,No,,,,,,No,,,,checked,FRBP 9011,,,,,,"Pro Se Litigants,Attorneys",,2023-06,US Bankruptcy Court Northern District of Texas,Bankr. N.D. Tex.,Judge,Stacey G.C. Jernigan,Jernigan
"Standing Order Re: Artificial Intelligence (""AI"") in Cases Assigned to Judge Baylson",https://www.paed.uscourts.gov/sites/paed/files/documents/locrules/standord/Standing%20Order%20Re%20Artificial%20Intelligence%206.6.pdf,Standing Order,Judge Michael M. Baylson,Federal,US,Pennsylvania,US DC Eastern District of Pennsylvania,Judge Level,"Criminal,Civil",Any AI,Prepare,,Yes,,,,,,No,,,checked,,No,,,,,,"Pro Se Litigants,Attorneys",,2023-06,US DC Eastern District of Pennsylvania,E.D. Pa.,Judge,Michael M. Baylson,Baylson
Order on Artificial Intelligence,https://www.cit.uscourts.gov/sites/cit/files/Order%20on%20Artificial%20Intelligence.pdf,Standing Order,Judge Stephen Alexander Vaden,Federal,US,,US Court of International Trade,Judge Level,Civil,Gen AI,Draft,,Yes,checked,,checked,,,No,,,,,"USCIT 7(b),USCIT 5(g)",,checked,,,,Any Parties,Must disclose AI tool used,2023-06,US Court of International Trade,Ct. Int'l Trade,Judge,Stephen Alexander Vaden,Vaden
Standing Order Regarding the Use of Artificial Intelligence,https://img1.wsimg.com/blobby/go/2f8cb9d7-adb6-4232-a36b-27b72fdfcd38/downloads/Standing%20order%20Regarding%20Use%20of%20Artificial%20Int.pdf?ver=1697636353579,Standing Order,Judge Roy B. Ferguson,State,US,Texas,394th District Court of Texas,Judge Level,Civil,Gen AI,"Draft,Research",,No,,,,,,No,checked,,,,No,,,,,,"Pro Se Litigants,Attorneys",Need to file certification before using Gen AI in any filings. Concern because order might mean that any one who uses any form of AI must file a certification regarding use of Gen AI in filings,2023-06,394th District Court of Texas,394th District Court of Texas,Judge,Roy B. Ferguson,Ferguson
"Belenzon v Paws Up Ranch, LLC Order",https://storage.courtlistener.com/recap/gov.uscourts.mtd.73612/gov.uscourts.mtd.73612.8.0.pdf,Court Order,Judge David W. Molloy,Federal,US,Montana,US DC District of Montana,Case Level,Civil,Any AI,Draft,checked,No,,,,,,No,,,,,No,,,,,,Pro Hac Vice Counsel,Order for pro hac vice counsel,2023-06,US DC District of Montana,D. Mont.,Judge,David W. Molloy,Molloy
Re: Use of Artificial Intelligence in Court Submissions,https://www.manitobacourts.mb.ca/site/assets/files/2045/practice_direction_-_use_of_artificial_intelligence_in_court_submissions.pdf,Standing Order,Chief Justice Glenn D. Joyal,State,Canada,Manitoba,Court of King's Bench (Manitoba),Court Level,N/A,Any AI,Prepare,,Yes,,checked,,,,No,,,,checked,No,,,,,,Any Parties,Must disclose how AI was used,2023-06,Court of King's Bench (Manitoba),Court of King's Bench (Manitoba),Chief Justice,Glenn D. Joyal,Joyal
Practice Direction General-29: Use of Artificial Intelligence Tools,https://www.yukoncourts.ca/sites/default/files/2023-06/GENERAL-29%20Use%20of%20AI.pdf,Practice Direction,Chief Justice Suzanne M. Duncan,State,Canada,Yukon,Supreme Court of Yukon,Court Level,"Civil,Criminal",Any AI,Rely On,,Yes,checked,checked,,,,No,,,,,No,,,,,,Any Parties,,2023-06,Supreme Court of Yukon,Supreme Court of Yukon,Chief Justice,Suzanne M. Duncan,Duncan
The Use of Artificial Intelligence in the Preparation of Documents Filed Before the Court,https://www.ilnd.uscourts.gov/_assets/_documents/_forms/_judges/Cole/Artificial%20Intelligence%20standing%20order.pdf,Standing Order,Magistrate Judge Jeffrey Cole,Federal,US,Illinois,US DC Northern District of Illinois,Judge Level,Civil,Any AI,"Draft,Research",,Yes,,,,,,No,,,,,FRCP 11,,,,,,Any Parties,Must disclose whether AI used in research or drafting,2023-07,US DC Northern District of Illinois,N.D. Ill.,Magistrate Judge,Jeffrey Cole,Cole
Pleadings Using Generative Artificial Intelligence,https://www.okwb.uscourts.gov/sites/okwb/files/GenOrder23-01.pdf,General Order,Chief Judge Sarah A. Hall; Judge Janice D. Loyd,Federal,US,Oklahoma,US Bankruptcy Court Western District of Oklahoma,Court Level,Bankruptcy,Gen AI,Draft,,Yes,checked,,checked,,,No,,,checked,,FRBP 9011,,checked,,,,Any Parties,Must disclose AI tool used,2023-07,US Bankruptcy Court Western District of Oklahoma,Bankr. W.D. Okla.,Chief Judge,Sarah A. Hall,Hall
Individual Practices in Civil Cases,https://www.nysd.uscourts.gov/sites/default/files/practice_documents/AS%20Subramanian%20Civil%20Individual%20Practices.pdf,Standing Order,Judge Arun Subramanian,Federal,US,New York,US DC Southern District Of New York,Judge Level,Civil,Gen AI,Research,,No,,,,,,No,,,,checked,No,,,,,,Attorneys,"Uses term ""ChatGPT and Other Tools"", not AI or Gen AI",2023-07,US DC Southern District Of New York,S.D. N.Y.,Judge,Arun Subramanian,Subramanian
OAH Policy 23-12,https://oah.idaho.gov/wp-content/uploads/2024/03/Policies-Manual-12.31.23.pdf,Policy/Guidelines,Chief Administrative Hearing Officer Bryan Nickels,State,US,Idaho,Office of Administrative Hearings,State Level,Administrative,Gen AI,Draft,,Yes,,,,,,Court may require at discretion,,,,,No,,,,,,Hearing Officers,OAH Policy enabling hearing officers to request AI Use disclosure statements from parties,2023-07,Office of Administrative Hearings,Office of Administrative Hearings,Chief Administrative Hearing Officer,Bryan Nickels,Nickels
Standing Order for Civil Cases Before Magistrate Judge Peter H. Kang,https://www.cand.uscourts.gov/wp-content/uploads/judges/kang-phk/Civil-Standing-Order-PHK-001.pdf,Standing Order,Magistrate Judge Peter H. Kang,Federal,US,California,US DC Northern District of California,Judge Level,Civil,"Any AI, excluding standard research tools","Draft,Create",,Yes,,,checked,,,No,,,,,FRCP 11,checked,checked,,checked,,"Pro Se Litigants,Attorneys",References ABA Resolution 604,2023-07,US DC Northern District of California,N.D. Cal.,Magistrate Judge,Peter H. Kang,Kang
Standing Order For All Cases Filed Before the Administrative Law Section,https://hrc.illinois.gov/content/dam/soi/en/web/hrc/documents/standing-order-for-all-cases-filed-before-the-als.pdf,Standing Order,Chief Judge Brian Weinthal,State,US,Illinois,"Human Rights Commission, Administrative Law Section",Court Level,Administrative,Gen AI,Draft,,No,,,,,,No,,,,checked,No,,,,,,"Pro Se Litigants,Attorneys",,2023-08,"Human Rights Commission, Administrative Law Section","Human Rights Commission, Administrative Law Section",Chief Judge,Brian Weinthal,Weinthal
"Cowan v Board of Immigration Appeals, et al. AI Order",https://dockets.justia.com/docket/arizona/azdce/4:2023cv00327/1341070,Court Order,Judge James A. Soto,Federal,US,Arizona,US DC District of Arizona,Case Level,Civil,Gen AI,Prepare,,Yes,checked,,checked,,,No,,,checked,,No,,,,,,"Pro Se Litigants,Attorneys",,2023-09,US DC District of Arizona,D. Ariz.,Judge,James A. Soto,Soto
Disclosure and Certification Requirements for Generative Artificial Intelligence,https://www.oked.uscourts.gov/sites/oked/files/AI%20Guidelines%20JAR%209.27.23.pdf,Standing Order,Magistrate Judge Jason A. Robertson,Federal,US,Oklahoma,US DC Eastern District of Oklahoma,Judge Level,"Civil,Criminal",Gen AI,Prepare,,Yes,checked,,,,,No,,,checked,,FRCP 11,,,,,,"Pro Se Litigants,Attorneys",Must disclose AI tool used,2023-09,US DC Eastern District of Oklahoma,E.D. Okla.,Magistrate Judge,Jason A. Robertson,Robertson
Disclosure and Certification Requirements - Generative Artificial Intelligence,https://www.okwd.uscourts.gov/sites/okwd/files/AI_Guidelines_JudgePalk.pdf,Standing Order,Judge Scott Palk,Federal,US,Oklahoma,US DC Western District of Oklahoma,Judge Level,Civil,Gen AI,Prepare,,Yes,checked,,,,,No,,,checked,,FRCP 11,,,,,,"Pro Se Litigants,Attorneys",Must disclose AI tool used,2023-09,US DC Western District of Oklahoma,W.D. Okla.,Judge,Scott Palk,Palk
General Pretrial and Trial Procedures,https://www.njd.uscourts.gov/sites/njd/files/EPProcedures.pdf,Standing Order,Judge Gene E.K. Pratter,Federal,US,New Jersey,US DC Eastern District of Pennsylvania,Judge Level,"Criminal,Civil",Gen AI,Prepare,,Yes,,,,,,No,,,checked,,No,,,,,,Any Parties,,2023-10,US DC Eastern District of Pennsylvania,E.D. Pa.,Judge,Gene E.K. Pratter,Pratter
Notice to Attorneys and Self-Represented Litigants,https://www.moed.uscourts.gov/attorneys/artificial-intelligence,Court Rules (Notice),-,Federal,US,Missouri,US DC Eastern District of Missouri,Court Level,Civil,Gen AI,Draft,checked,No,,,,,,No,,,,,FRCP 11,,,,,,"Pro Se Litigants,Attorneys",Self-Represented Litigants Link: https://www.moed.uscourts.gov/self-represented-litigants-srl,2023-11,US DC Eastern District of Missouri,E.D. Mo.,,-,-
Standing Order for Civil Cases Before District Judge Araceli Martinez-Olguin,https://www.cand.uscourts.gov/wp-content/uploads/2023/03/AMO-Civil-Standing-Order-11.22.2023-FINAL.pdf,Standing Order,Judge Araceli Martinez-Olguin,Federal,US,California,US DC Northern District of California,Judge Level,Civil,Gen AI,Generate Content,,Yes,,,,,,No,,,checked,,FRCP 11,checked,,,,,Attorneys,,2023-11,US DC Northern District of California,N.D. Cal.,Judge,Araceli Martinez-Olguin,Martinez-Olguin
"Kelly v Altria Client Service, Pretrial Schedule A",https://drive.google.com/file/d/1gSBa0oAMTqltlEXIxkiOHpiv4ZsPrfwv/view,Scheduling Order,Judge Henry E. Hudson,Federal,US,Virginia,US DC Eastern District of Virginia,Case Level,Civil,Any AI,Prepare,,Yes,,,,,,No,,,checked,,No,,,,,,Any Parties,,2023-11,US DC Eastern District of Virginia,E.D. Va.,Judge,Henry E. Hudson,Hudson
General Pretrial and Trial Procedures,https://www.paed.uscourts.gov/sites/paed/files/documents/procedures/prapol2.pdf,Standing Order,Judge Evelyn Padin,Federal,US,New Jersey,US DC District of New Jersey,Judge Level,"Civil,Criminal",Gen AI,Use,,Yes,checked,,checked,,,No,,,checked,,No,,,,,,"Pro Se Litigants,Attorneys",Must disclose AI tool used and portions drafted by it,2023-11,US DC District of New Jersey,D. N.J.,Judge,Evelyn Padin,Padin
Mandatory Certification Regarding Generative Artificial Intelligence,https://www.txnd.uscourts.gov/judge/judge-matthew-kacsmaryk,Standing Order,Judge Matthew J. Kacsmaryk,Federal,US,Texas,US DC Northern District of Texas,Judge Level,Civil,Gen AI,Draft,,No,,,,,checked,No,,,,,No,,,,,,"Pro Se Litigants,Attorneys",Can move for leave if party believes a platform has requisite accuracy and reliability for legal briefing,2023-11,US DC Northern District of Texas,N.D. Tex.,Judge,Matthew J. Kacsmaryk,Kacsmaryk
In Re: Use of Unverified Sources,https://www.hid.uscourts.gov/cms/assets/23a3ee72-c96c-42c4-b184-e8a748a00f64/General%20Order%20on%20the%20Use%20of%20Unverified%20Sources.pdf,Standing Order,Chief Judge Derrick K. Watson; Judge Michael Seabright; Judge Leslie E. Kobayashi; Judge Jill A. Otake,Federal,US,Hawaii,US DC District of Hawaii,Court Level,Civil,"Gen AI, excluding standard research tools",Generate Content,,Yes,,,,,,No,,,checked,,FRCP 11,,,,,,"Pro Se Litigants,Attorneys","Use of AI generated content is ""Reliance on Unverified Sources""",2023-11,US DC District of Hawaii,D. Haw.,Chief Judge,Derrick K. Watson,Watson
Disclosure and Certification Requirements - Generative Artificial Intelligence,https://www.hid.uscourts.gov/cms/assets/95f11dcf-7411-42d2-9ac2-92b2424519f6/AI%20Guidelines%20LEK.pdf,Standing Order,Judge Leslie E. Kobayashi,Federal,US,Hawaii,US DC District of Hawaii,Judge Level,Civil,Gen AI,Draft,,Yes,checked,,,,,No,,,checked,,FRCP 11,,,,,,"Pro Se Litigants,Attorneys",Must disclose AI tool used,2023-11,US DC District of Hawaii,D. Haw.,Judge,Leslie E. Kobayashi,Kobayashi
Guidance on Professional Responsibility and Generative AI,https://www.lawsociety.bc.ca/Website/media/Shared/docs/practice/resources/Professional-responsibility-and-AI.pdf,Policy/Guidelines,Law Society of British Columbia,State,Canada,,,,,Gen AI,Use,,,,,,,,,,,,checked,,,,,,,Attorneys,,2023-11,,,,Law Society of British Columbia,Columbia
Standing Order Governing Civil Cases,https://www.ohsd.uscourts.gov/sites/ohsd/files/MJN%20Standing%20Civil%20Order%20eff.%2012.18.23.pdf,Standing Order,Judge Michael J. Newman,Federal,US,Ohio,US DC Southern District of Ohio,Judge Level,Civil,"Any AI, excluding standard research tools",Prepare,checked,No,,,,,,No,,,,,No,,,,,,"Pro Se Litigants,Attorneys",,2023-12,US DC Southern District of Ohio,S.D. Ohio,Judge,Michael J. Newman,Newman
Notice to the Parties and the Profession: The Use of Artificial Intelligence in Court Proceedings,https://www.fct-cf.gc.ca/Content/assets/pdf/base/2023-12-20-notice-use-of-ai-in-court-proceedings.pdf,Court Rules (Notice),Chief Justice Paul S. Crampton,Federal,Canada,-,Federal Court of Canada,National,N/A,Gen AI,"Generate Content,Create",,Yes,,,,,,No,,,,,No,,,,,,"Pro Se Litigants,Attorneys,Interveners","Court urgers ""Human in the loop"" verification",2023-12,Federal Court of Canada,Federal Court of Canada,Chief Justice,Paul S. Crampton,Crampton
Notice of Proposed Amendments to Local Rules,https://www.mied.uscourts.gov/PDFFIles/notice_proposed_LocalRules_amendments_12-2023.pdf,Proposed Rule Amendment,-,Federal,US,Michigan,US DC Eastern District of Michigan,Court Level,Civil,Gen AI,Draft,,Yes,,,,,,No,,,checked,,No,,,,,,Any Parties,LR 5.1 Filing of Papers,2023-12,US DC Eastern District of Michigan,E.D. Mich.,,-,-
Montez v Esparza Court Advisory Concerning Discovery and Other Matters,https://drive.google.com/file/d/12Rg4Bv6HS2v7L7PNh6SQ-QZvMXKHMVsZ/view,Court Order,Judge Fred Biery,Federal,US,Texas,US DC Western District of Texas,Case Level,Civil,Any AI,Prepare,,No,,,,,,No,,,,checked,No,,,,,,Attorneys,,2023-12,US DC Western District of Texas,W.D. Tex.,Judge,Fred Biery,Biery
General Order Amending Local Rules,https://txed.uscourts.gov/sites/default/files/goFiles/GO%2023-11%20Amending%20Local%20Rules%20Effective%20December%201%2C%202023.pdf,Local Rule Amendment,Chief Judge Rodney Gilstrap,Federal,US,Texas,US DC Eastern District of Texas,Court Level,Civil,Gen AI,Generate Content,,No,,,,,,No,,,,checked,FRCP 11,,,,,,"Pro Se Litigants,Attorneys","Rule CV-11 for Pro Se Litigants, Rule AT-3(m) for Attorneys",2023-12,US DC Eastern District of Texas,E.D. Tex.,Chief Judge,Rodney Gilstrap,Gilstrap
Guidelines for Use of Generative Artificial Intelligence in Courts and Tribunals: Lawyers,https://www.courtsofnz.govt.nz/assets/6-Going-to-Court/practice-directions/practice-guidelines/all-benches/20231207-GenAI-Guidelines-Lawyers.pdf,Guidelines,Artificial Intelligence Advisory Group,Federal,New Zealand,-,Courts of New Zealand,National,N/A,Gen AI,Use,,Court may require at discretion,,,,,,No,,,,checked,No,,checked,,,,Attorneys,"Guidance on AI use by lawyers (confidentiality, accuracy, ethics, disclosure)",2023-12,Courts of New Zealand,Courts of New Zealand,,Artificial Intelligence Advisory Group,Group
Standing Order Governing Criminal Cases,https://www.ohsd.uscourts.gov/sites/ohsd/files//MJN%20Standing%20Criminal%20Order%208.19.2024.pdf,Standing Order,Judge Michael J. Newman,Federal,US,Ohio,US DC Southern District of Ohio,Judge Level,Criminal,"Any AI, excluding standard research tools",Prepare,checked,No,,,,,,No,,,,,No,,,,,,"Pro Se Litigants,Attorneys",,2023-12,US DC Southern District of Ohio,S.D. Ohio,Judge,Michael J. Newman,Newman
Artificial Intelligence (AI),https://www.ilnd.uscourts.gov/judge-info.aspx?Bt1LmR2QgBbCj2VD6w9tXA==,Standing Order,Judge Iain D. Johnston,Federal,US,Illinois,US DC Northern District of Illinois,Judge Level,Civil,Any AI,Use,,No,,,,,,No,,,,checked,"FRCP 11,FRCP 26(g)",,,,,,Any Parties,,2023-12,US DC Northern District of Illinois,N.D. Ill.,Judge,Iain D. Johnston,Johnston
Court's Standing Order on the Use of Generative AI,https://www.ohnd.uscourts.gov/sites/ohnd/files/Boyko.StandingOrder.GenerativeAI.pdf,Standing Order,Judge Christopher A. Boyko,Federal,US,Ohio,US DC Northern District of Ohio,Judge Level,"Civil,Criminal","Any AI, excluding standard research tools",Prepare,checked,No,,,,,,No,,,,,FRCP 11,,,,,,"Pro Se Litigants,Attorneys","Order is titled using ""Generative AI"" but order only refers to ""Artificial Intelligence""/""AI"" and excludes standard legal search engines. Duty to immediately notify the Court if a party discovers use of AI in any document filed.",2023-12,US DC Northern District of Ohio,N.D. Ohio,Judge,Christopher A. Boyko,Boyko
"Juvenile Local Rule 1.4, Use of Technology (effective 12/1/2023)",https://www.williamscountyoh.gov/DocumentCenter/View/2744/Juvenile-Local-Rule-14-Use-of-Technology-effective-1212023?bidId=,Local Rules,Judge Jeffrey A. Strausbaugh; Judge Melissa Peper Firestone; Judge Karen K. Gallagher,State,US,Ohio,"Court of Common Pleas, Juvenile Division: Defiance, Williams, and Henry Countries, Ohio",Court Level,Civil,Any AI,Use,,Yes,,checked,,checked,,No,,,,,No,,,,,,"Any Parties,Attorneys",,2023-12,"Court of Common Pleas, Juvenile Division: Defiance, Williams, and Henry Countries, Ohio","Court of Common Pleas, Juvenile Division: Defiance, Williams, and Henry Countries, Ohio",Judge,Jeffrey A. Strausbaugh,Strausbaugh
"Probate Local Rule 80, Use of Technology (effective 12/1/2023) copy",https://www.williamscountyoh.gov/DocumentCenter/View/2745/Probate-Local-Rule-80-Use-of-Technology-effective-1212023?bidId=,Local Rules,Judge Jeffrey A. Strausbaugh; Judge Michael J. Bumb; Judge Amy C. Rosebrook; Judge Karen K. Gallagher,State,US,Ohio,"Court of Common Pleas, Probate Division: Defiance, Williams, and Henry Countries, Ohio",Court Level,Civil,Any AI,Use,,Yes,,checked,,checked,,No,,,,,No,,,,,,"Any Parties,Attorneys",,2023-12,"Court of Common Pleas, Probate Division: Defiance, Williams, and Henry Countries, Ohio","Court of Common Pleas, Probate Division: Defiance, Williams, and Henry Countries, Ohio",Judge,Jeffrey A. Strausbaugh,Strausbaugh
Part Rules,https://www.nycourts.gov/LegacyPDFS/courts/9jd/PartRules/PR_HMBlackwood.pdf,Standing Order,Judge Helen M. Blackwood,State,US,New York,"Westchester County Court, 9th Judicial District",Judge Level,Civil,Any AI,Generate Content,,Yes,,,checked,,,No,,,,,No,,,,,,"Pro Se Litigants,Attorneys",,2023-12,"Westchester County Court, 9th Judicial District","Westchester County Court, 9th Judicial District",Judge,Helen M. Blackwood,Blackwood
JCAI In. v Wiseleap Solutions Rule 16(b) Scheduling Order,https://drive.google.com/file/d/1FQ-kc8ez47uXZviuhEDsAdZNiFUfqaek/view,Scheduling Order,Judge Roderick C. Young,Federal,US,Virginia,US DC Eastern District of Virginia,Case Level,Civil,Any AI,Prepare,,Yes,,checked,,,,No,,,checked,,No,,,,,,Any Parties,,2024-01,US DC Eastern District of Virginia,E.D. Va.,Judge,Roderick C. Young,Young
Bexar County Civil District Courts Local Rules,https://www.bexar.org/DocumentCenter/View/40208/Bexar-County-Civil-District-Court-Local-Rules-2024,Local Rules,-,State,US,Texas,Bexar County Civil District Court,Court Level,Civil,Gen AI,Draft,,No,,,,,,Yes,,,,,No,,,,,,Attorneys,"AI requirement on p.11, Local Rule 3 H.1.",2024-01,Bexar County Civil District Court,Bexar County Civil District Court,,-,-
"Dialect, LLC v Amazon.com, Inc. Scheduling and Pretrial Order",https://drive.google.com/file/d/1gS_VPeEGcMwCMLfBz6q8x7vwPABAEO5s/view?usp=drive_link,Pretrial Order,Judge David J. Novak,Federal,US,Virginia,US DC Eastern District of Virginia,Case Level,Civil,Any AI,Prepare,,Yes,,checked,,,,No,,,checked,,No,,,,,,Any Parties,,2024-01,US DC Eastern District of Virginia,E.D. Va.,Judge,David J. Novak,Novak
Standing Order for Civil Cases,https://drive.google.com/file/d/1vjhGwUZiFBq48cY2uGCBSxQBIp-BDqYF/view?usp=sharing,Standing Order,Judge S. Kato Crews,Federal,US,Colorado,US DC District of Colorado,Judge Level,Civil,Gen AI,Draft,,No,,,,,,Yes,,,,,No,,,,,,All Filers,Specifies that every motion filed under FRCP 12 and 56 and any opposed motion must contain the certification regarding Use or Non-Use,2024-01,US DC District of Colorado,D. Colo.,Judge,S. Kato Crews,Crews
Notice of Proposed Amendment to 5th CIR. R. 23,https://fingfx.thomsonreuters.com/gfx/legaldocs/mopajaxmava/11222023ai_5th.pdf,Proposed Rule Amendment,-,Federal,US,"Louisiana,Mississippi,Texas",US Court of Appeals Fifth Circuit,Court Level,"Civil,Criminal",Gen AI,Draft,,No,,,,,,Yes,,,,,No,,,,,,"Pro Se Litigants,Attorneys",AI requirement is one part of a Certificate of Compliance that must accompany all filings,2024-01,US Court of Appeals Fifth Circuit,Fifth Cir.,,-,-
Notice to the Bar: Legal Practice: Preliminary Guidelines on the Use of Artificial Intelligence by New Jersey Lawyers,https://www.njcourts.gov/sites/default/files/notices/2024/01/n240125a.pdf,Guidelines,Chief Justice Stuart Rabner,State,US,New Jersey,New Jersey Supreme Court,State Level,"Civil,Criminal",Gen AI,Generate Content,,No,,,,,,No,,,checked,checked,No,,,,,,Attorneys,Guidance on how New Jersey's existing RPCs apply to ethical use of AI,2024-01,New Jersey Supreme Court,New Jersey Supreme Court,Chief Justice,Stuart Rabner,Rabner
"Beckford v Elevance Health, Inc. Initial Pretrial Order",https://drive.google.com/file/d/14qini06Q_wv-vFdPr95211hfk_L9NvL3/view,Pretrial Order,Judge M. Hannah Lauck,Federal,US,Virginia,US DC Eastern District of Virginia,Case Level,Civil,Any AI,Prepare,,Yes,,checked,,,,No,,,checked,,No,,,,,,Any Parties,,2024-01,US DC Eastern District of Virginia,E.D. Va.,Judge,M. Hannah Lauck,Lauck
"Considerations when using ChatGPT and generative artificial intelligence
software based on large language models",https://www.barcouncilethics.co.uk/wp-content/uploads/2024/01/Considerations-when-using-ChatGPT-and-Generative-AI-Software-based-on-large-language-models-January-2024.pdf,Guidelines,General Council of the Bar,Federal,UK,-,-,National,N/A,Gen AI,Use,,No,,,,,,No,,,checked,checked,No,,checked,,,,Attorneys,,2024-01,-,,,General Council of the Bar,Bar
Dept. C31 Standing Order RE: Artificial Intelligence,https://www.occourts.org/system/files?file=civil/knillprocedures.pdf,Standing Order,Judge Kimberly A. Knill,State,US,California,Orange County Superior Court,Judge Level,Civil,Gen AI,Prepare,,Yes,,,,,,,,,checked,,No,,,,,,"Pro Se Litigants,Attorneys",,2024-01,Orange County Superior Court,Orange County Superior Court,Judge,Kimberly A. Knill,Knill
Civil Procedures/Local Rules: 8. Initial Pretrial and Scheduling Conferences C. Mandatory Certificate Regarding Generative Artificial Intelligence,https://www.txs.uscourts.gov/sites/txs/files/Judge_Olvera_Local_Rules_%28Civil%29_1-18-24_-_Amended.pdf,Pretrial Order,Judge Rolando Olvera,Federal,US,Texas,US DC Southern District of Texas,Judge Level,Civil,Gen AI,Draft,,No,,,,,,"Yes, on filing of scheduling order",,,,,FRCP 11,,,,,,"Pro Se Litigants,Attorneys",,2024-01,US DC Southern District of Texas,S.D. Tex.,Judge,Rolando Olvera,Olvera
Rules of Court Integrated Domestic Violence Court,https://www.nycourts.gov/legacyPDFS/COURTS/1jd/supctmanh/Rules/IDV-tandra-dawson.pdf,Standing Order,Judge Tandra L. Dawson,State,US,New York,"Supreme Court, New York County, Criminal Division",Judge Level,"Civil,Criminal",Any AI,Prepare,,Yes,,,,,,,,,checked,,No,,,,,,"Pro Se Litigants,Attorneys","""If AI is used to prepare any document submitted for filing with the court that involves substantive legal research and writing (such as a legal memorandum, summation, etc.),""",2024-01,"Supreme Court, New York County, Criminal Division","Supreme Court, New York County, Criminal Division",Judge,Tandra L. Dawson,Dawson
The Generative AI Playbook,https://www.lawsociety.ab.ca/resource-centre/key-resources/professional-conduct/the-generative-ai-playbook/,Policy/Guidelines,Law Society of Alberta,State,Canada,,,,,Gen AI,Use,,,,,,,,,,,,checked,,,,,,,Attorneys,,2024-01,,,,Law Society of Alberta,Alberta
"""Artificial Intelligence in the Practice of Law
What is AI and can I or should I use it in my practice?""",https://nsbs.org/wp-content/uploads/2023/12/short-guide-on-A.I.pdf,Policy/Guidelines,Nova Scotia Barristers' Society,State,Canada,,,,,Gen AI,Use,,,,,,,,,,,,checked,,,,,,,Attorneys,,2024-01,,,,Nova Scotia Barristers' Society,Society
Notice – Legal Practice: Preliminary Guidelines on the Use of Artificial Intelligence by New Jersey Lawyers,https://www.njcourts.gov/sites/default/files/notices/2024/01/n240125a.pdf?cb=aac0e368,Policy/Guidelines,Chief Justice Stuart Rabner,State,US,New Jersey,New Jersey Supreme Court,State Level,"Civil,Criminal",Any AI,Use,,,,,,,,,,,,checked,,,,,,,Attorneys,,2024-01,New Jersey Supreme Court,New Jersey Supreme Court,Chief Justice,Stuart Rabner,Rabner
Rules of Court Integrated Domestic Violence Court,https://www.nycourts.gov/legacyPDFS/COURTS/1jd/supctmanh/Rules/IDV-tandra-dawson.pdf,Standing Order,Judge Tandra L. Dawson,State,US,New York,New York County Integrated Domestic Violence Court,Judge Level,"Civil,Criminal",Any AI,Prepare,,Yes,,,,,,No,,,checked,,No,,,,,,"Pro Se Litigants,Attorneys",,2024-02,New York County Integrated Domestic Violence Court,New York County Integrated Domestic Violence Court,Judge,Tandra L. Dawson,Dawson
Standing Order for Civil Cases Before Judge Rita F. Lin,https://www.cand.uscourts.gov/wp-content/uploads/2023/03/2024-09-18-Civil-Standing-Order.pdf,Standing Order,Judge Rita F. Lin,Federal,US,California,US DC Northern District of California,Judge Level,Civil,Gen AI,Research,,No,,,,,,No,,,,checked,No,,,,,,Attorneys,,2024-02,US DC Northern District of California,N.D. Cal.,Judge,Rita F. Lin,Lin
Courtroom rules 2-23-24,https://www.nycourts.gov/LegacyPDFS/courts/8jd/pdfs/IAS_Rules/JudgeHanlon2025.pdf,Standing Order,Judge Grace M. Hanlon,State,US,New York,"Chautauqua County Supreme Court, 8th Judicial District",Judge Level,"Civil,Criminal",Gen AI,Draft,,Yes,,,,,,No,,,checked,,No,,,,,,All Filers,,2024-02,"Chautauqua County Supreme Court, 8th Judicial District","Chautauqua County Supreme Court, 8th Judicial District",Judge,Grace M. Hanlon,Hanlon
Part Rules: V. Artificial Intelligence,https://www.nycourts.gov/LegacyPDFS/courts/9jd/PartRules/PR_DSZuckerman.pdf,Standing Order,Judge David S. Zuckerman,State,US,New York,"Supreme Court, Orange County",Judge Level,Civil,Any AI,Generate Content,,Yes,,,checked,,,No,,,,,No,,,,,,"Pro Se Litigants,Attorneys",,2024-02,"Supreme Court, Orange County","Supreme Court, Orange County",Judge,David S. Zuckerman,Zuckerman
Guidelines for the Use of Generative Artificial Intelligence in the Practice of Law,https://www.lawsociety.sk.ca/wp-content/uploads/Law-Society-of-Saskatchewan-Generative-Artificial-Intelligence-Guidelines.pdf,Policy/Guidelines,Law Society of Saskatchewan,State,Canada,,,,,Gen AI,Use,,,,,,,,,,,,checked,,,,,,,Attorneys,,2024-02,,,,Law Society of Saskatchewan,Saskatchewan
"Standing Order for Civil Cases Assigned to Judge Stanley Blumenfeld, Jr.",https://www.cacd.uscourts.gov/sites/default/files/documents/SB/AD/1.%20Civil%20Standing%20Order%20%283.1.24%29%20%5BFinal%5D.pdf,Standing Order,"Judge Stanley Blumenfeld, Jr.",Federal,US,California,US DC Central District of California,Judge Level,Civil,Gen AI,Generate Content,,Yes,,,,,,No,,,checked,,FRCP 11,,,,,,Any Parties,,2024-03,US DC Central District of California,C.D. Cal.,Judge,"Stanley Blumenfeld, Jr.",Blumenfeld
Litigation Preferences: Mandatory Certification Regarding Generative Artificial Intelligence,https://cp.cuyahogacounty.us/court-resources/judges/judge-john-j-russo/,Standing Order,Judge John J. Russo,State,US,Ohio,"Cuyahoga County Common Pleas Court, General Division",Judge Level,Civil,Gen AI,Draft,,No,,,,,checked,No,,,,,FRCP 11,,,,,,Attorneys,,2024-03,"Cuyahoga County Common Pleas Court, General Division","Cuyahoga County Common Pleas Court, General Division",Judge,John J. Russo,Russo
Standing Order Regarding Use of Artificial Intelligence,https://topics.txcourts.gov/LocalRulesPublic/PreviewAttachment/1866,Standing Order,Judge Jeff McKnight,State,US,Texas,"30th, 78th, 89th District Courts, Wichita County",Court Level,"Civil,Criminal",Any AI,"Draft,Research",,No,,,,,,No,checked,,,,No,,,,,"Recording, Listening, Transcribing Prohibited","Pro Se Litigants,Attorneys",,2024-03,"30th, 78th, 89th District Courts, Wichita County","30th, 78th, 89th District Courts, Wichita County",Judge,Jeff McKnight,McKnight
Order on Artificial Intelligence,https://www.cit.uscourts.gov/sites/cit/files/Order_on_Artificial_Intelligence-Judge_Kelly.pdf,Standing Order,Judge Claire R. Kelly,Federal,US,,US Court of International Trade,Judge Level,Civil,Gen AI,Draft,,Yes,checked,,checked,,,No,,checked,,,,,,,,,Any Parties,,2024-03,US Court of International Trade,Ct. Int'l Trade,Judge,Claire R. Kelly,Kelly
Order on Artificial Intelligence,https://www.cit.uscourts.gov/sites/cit/files/JAR_Order_on_Artificial_Intelligence.pdf,Standing Order,Judge Jane A. Restani,Federal,US,,US Court of International Trade,Judge Level,Civil,Gen AI,Draft,,Yes,checked,,checked,,,No,,checked,,,,,,,,,Any Parties,,2024-03,US Court of International Trade,Ct. Int'l Trade,Judge,Jane A. Restani,Restani
Memorandum of Law Requirements,https://www.ilnd.uscourts.gov/judge-cmp-detail.aspx?cmpid=626,Standing Order,Judge Sharon Johnson Coleman,Federal,US,Illinois,US DC Northern District of Illinois,Judge Level,"Civil,Criminal",Any AI,Draft,checked,No,,,,,,No,,,,,No,,,,,,Any Parties,"""Parties may not use Artificial Intelligence to draft their memoranda or as authority to support their motions. """,2024-04,US DC Northern District of Illinois,N.D. Ill.,Judge,Sharon Johnson Coleman,Coleman
Chancery - Calendar 9 - Horan - Standing Order (eff. 4.5.24): XIII. Artificial Intelligence,https://ocj-web-files.s3.us-east-2.amazonaws.com/orders/SO%202024%20CH%20Judge%20Horan%20Calendar%209%20Calendar%20Courtroom%20Procedures%20%28Apr.%205%202024%29.pdf?VersionId=bD2yzSkzx_owNaYWACofBcjjmOLSuHM7,Standing Order,Judge Cecilia A. Horan,State,US,Illinois,"Circuit Court of Cook County, Chancery Division",Judge Level,Civil,LLM AI,Prepare,,Yes,,,,,,No,,,,,No,,,,,,Any Parties,,2024-04,"Circuit Court of Cook County, Chancery Division","Circuit Court of Cook County, Chancery Division",Judge,Cecilia A. Horan,Horan
Licensee use of generative artificial intelligence,https://lawsocietyontario-dwd0dscmayfwh7bj.a01.azurefd.net/media/lso/media/lawyers/practice-supports-resources/white-paper-on-licensee-use-of-generative-artificial-intelligence-en.pdf,Policy/Guidelines,Law Society of Ontario,State,Canada,,,State Level,,Gen AI,Use,,,,,,,,,,,,checked,,,,,,,Attorneys,,2024-04,,,,Law Society of Ontario,Ontario
Generative Artificial Intelligence: Guidelines for Use in the Practice of Law,https://educationcentre.lawsociety.mb.ca/wp-content/uploads/sites/2/2024/04/Generative-Artificial-Intelligence-Guidelines-for-Use-in-the-Practice-of-Law.pdf,Policy/Guidelines,Law Society of Manitoba,State,Canada,,,,,Gen AI,Use,,,,,,,,,,,,checked,,,,,,,Attorneys,,2024-04,,,,Law Society of Manitoba,Manitoba
Law and Motion Schedule: 14. Artificial Intelligence,https://www.cacd.uscourts.gov/honorable-rozella-oliver,Standing Order,Judge Rozella A. Oliver,Federal,US,California,US DC Central District of California,Judge Level,"Criminal,Civil",Gen AI,Generate Content,,Yes,,,,,,No,,,checked,,FRCP 11,,,,,,Any Parties,,2024-05,US DC Central District of California,C.D. Cal.,Judge,Rozella A. Oliver,Oliver
Amended and Restated Standing Order,https://ocj-web-files.s3.us-east-2.amazonaws.com/orders/Chancery%20-%20Calendar%2064%20-%20Judge%20Wright%20-%20Amended%20Standing%20Order%20%28May%2031%202024%29_0.pdf?VersionId=8PBF.tc2_f6Vfc.eitTlZ_LoTUqjIS4v,Standing Order,Judge James A. Wright,State,US,Illinois,"Circuit Court of Cook County, Chancery Division, Mortgage Foreclosure/Mechanics Lien Section",Judge Level,Civil,Any AI,"Create,Analyze",,Yes,,,,,,No,,,,,No,,,,,,Any Parties,,2024-05,"Circuit Court of Cook County, Chancery Division, Mortgage Foreclosure/Mechanics Lien Section","Circuit Court of Cook County, Chancery Division, Mortgage Foreclosure/Mechanics Lien Section",Judge,James A. Wright,Wright
Law - Judge Ramos - Standing Order,https://ocj-web-files.s3.us-east-2.amazonaws.com/orders/Law%20-%20Judge%20Ramos%20-%20Standing%20Order%20%28May%2030%2C%202024%29.pdf?VersionId=g6dVsvmsqmjK.QRGq5YLirA6QeNTNigI,Standing Order,Judge Sandra Gisela Ramos,State,US,Illinois,"Circuit Court of Cook County, Law Division",Judge Level,Civil,Any AI,Create,,Yes,,,,,,No,,,checked,,No,,,,,,Any Parties,,2024-05,"Circuit Court of Cook County, Law Division","Circuit Court of Cook County, Law Division",Judge,Sandra Gisela Ramos,Ramos
In Re: Use of Artificial Intelligence,https://www.ncwd.uscourts.gov/sites/default/files/Standing%20Order%20In%20Re-%20Use%20of%20Artificial%20Intelligence2.pdf,Standing Order,"Chief Judge Martin Reidinger; Judge Frank D. Whitney; Judge Max O. Cogburn, Jr.; Judge Kenneth D. Bell; Judge Robert J. Conrad Jr.; Judge Graham C. Mullen; Judge Richard L. Voorhees",Federal,US,North Carolina,US DC Western District of North Carolina,Court Level,"Civil,Criminal","Any AI, excluding standard research tools",Research,checked,No,,,,,,Yes,,,,,No,,,,,,"Pro Se Litigants,Attorneys","AI Legal Research Tool Exceptions limited to Westlaw, Lexis, FastCase, and Bloomberg",2024-06,US DC Western District of North Carolina,W.D. N.C.,Chief Judge,Martin Reidinger,Reidinger
Judicial Policies and Procedures: G. Standing Orders 3. Artificial Intellgience,https://www.paed.uscourts.gov/sites/paed/files/documents/procedures/hodpol.pdf,Standing Order,Judge Kelley B. Hodge,Federal,US,Pennsylvania,US DC Eastern District of Pennsylvania,Judge Level,"Civil,Criminal",Gen AI,Use,,No,,,,,,No,,,,checked,"FRCP 11,FRCP 26(g)",,,,,,Any Parties,"Notes that the order also applies to the serving/delivering of a request, response, or objection to discovery",2024-06,US DC Eastern District of Pennsylvania,E.D. Pa.,Judge,Kelley B. Hodge,Hodge
Administrative Order In Re: Generative Artificial Intelligence And Its Use In The Superior Court Of Cabarrus County,https://www.nccourts.gov/documents/local-rules-and-forms/administrative-order-in-re-generative-artificial-intelligence-and-its-use-in-the-superior-court-of-cabarrus-county,Administrative Order,Judge Martin B. McGee,State,US,North Carolina,Superior Court of Cabarrus County (District 25),Court Level,"Civil,Criminal",Gen AI,"Draft,Research",,No,,,,,,No,,,,checked,"RPC 1.1 cmt. 8,RPC 1.6,FRCP 11,FRCP 26(g)",,,,checked,,"Pro Se Litigants,Attorneys",Must disclose use of AI-Generated evidence  before trial,2024-07,Superior Court of Cabarrus County (District 25),Superior Court of Cabarrus County (District 25),Judge,Martin B. McGee,McGee
Haikala Chambers Initial Order: XI. Use of AI to Create Court Submissions,https://www.alnd.uscourts.gov/sites/alnd/files/MHH%20Initial%20Order%20as%20of%207-8-24.pdf,Standing Order,Judge Madeline H. Haikala,Federal,US,Alabama,US DC Northern District of Alabama,Judge Level,Civil,Gen AI,Prepare,,No,,,,,,No,,,,checked,FRCP 11,,,,,,"Pro Se Litigants,Attorneys",,2024-07,US DC Northern District of Alabama,N.D. Ala.,Judge,Madeline H. Haikala,Haikala
Standing Order Regarding Use of Artificial Intelligence,https://topics.txcourts.gov/LocalRulesPublic/PreviewAttachment/2014,Standing Order,Judge Chris Porter,State,US,Texas,Gray County Court,Court Level,"Civil,Criminal",Gen AI,"Research,Draft",,No,,,,,,,checked,,,,,,,,,,"Pro Se Litigants,Attorneys",,2024-07,Gray County Court,Gray County Court,Judge,Chris Porter,Porter
Standing Order Regarding Use of Artificial Intelligence,https://topics.txcourts.gov/LocalRulesPublic/PreviewAttachment/1997,Standing Order,Judge Joanna E. MacKenzie,State,US,Texas,Hudspeth County Court,Court Level,"Civil,Criminal",Gen AI,"Research,Draft",,No,,,,,,No,checked,,,,,,,,,,"Pro Se Litigants,Attorneys",,2024-07,Hudspeth County Court,Hudspeth County Court,Judge,Joanna E. MacKenzie,MacKenzie
Local Rule 49 - Use of Artificial Intelligence in Court Submissions,https://hamiltoncountycourts.org/wp-content/uploads/2024/07/Local-Rule-49-AI.pdf,Local Rules,-,State,US,Illinois,Hamilton County Court,Court Level,"Civil,Criminal",Any AI,"Create,Edit",,Yes,checked,checked,,,,,,,checked,,No,,,,,,"Any Parties,Attorneys",,2024-07,Hamilton County Court,Hamilton County Court,,-,-
Use of Generative AI,https://www.pamd.uscourts.gov/content/judge-karoline-mehalchick,Standing Order,Judge Karoline Mehalchick,Federal,US,Pennsylvania,US DC Middle District of Pennsylvania,Judge Level,"Civil,Criminal",Gen AI,Prepare,,Yes,checked,,checked,,,No,,,,,No,,,,,,Any Parties,,2024-08,US DC Middle District of Pennsylvania,M.D. Pa.,Judge,Karoline Mehalchick,Mehalchick
Standing Order for Civil Cases Before Judge Eumi K. Lee: G. Use of Generative AI Tools,https://www.cand.uscourts.gov/wp-content/uploads/judges/lee-ekl/Civil-Standing-Order-8.16.2024-Website-Hyperlink-Corrected-2.pdf,Standing Order,Judge Eumi K. Lee,Federal,US,California,US DC Northern District of California,Judge Level,Civil,Gen AI,Generate Content,,Yes,,,,,,No,,,checked,,No,checked,,,,,Attorneys,,2024-08,US DC Northern District of California,N.D. Cal.,Judge,Eumi K. Lee,Lee
Standing Order for Courtroom 2039,https://ocj-web-files.s3.us-east-2.amazonaws.com/orders/Law%20-%20Courtroom%202309%20-%20Golden%20-%20Standing%20Order%20%28Aug%2012%2C%202024%29.pdf?VersionId=9sZ6uAI7IMiGGQPofIDu6mSR_YgtJmYr,Standing Order,Judge Jean M. Golden,State,US,Illinois,"Circuit Court of Cook County, Law Division, Trial Section",Judge Level,Civil,Any AI,Create,,Yes,,,,,,No,,,checked,,No,,,,,,Any Parties,,2024-08,"Circuit Court of Cook County, Law Division, Trial Section","Circuit Court of Cook County, Law Division, Trial Section",Judge,Jean M. Golden,Golden
Standing Order & Chambers Practices: VII. Format of Documents & Artificial Intelligence (AI),https://www.nvd.uscourts.gov/wp-content/uploads/2024/08/MDC-Final-Standing-Order-080724-v5-1.pdf,Standing Order,Magistrate Judge Maximiliano D. Couvillier III,Federal,US,Nevada,US DC District of Nevada,Judge Level,Civil,Any AI,"Draft,Create",,Yes,,,,,,No,,,,,FRCP 11,,,,,,"Pro Se Litigants,Attorneys",,2024-08,US DC District of Nevada,D. Nev.,Magistrate Judge,Maximiliano D. Couvillier III,Couvillier
Standing Order No.3: Use Artificial Intelligence for Any Court Filing,https://topics.txcourts.gov/LocalRulesPublic/PreviewAttachment/2030,Standing Order,-,State,US,Texas,"County Courts at Law, Collin County",Court Level,"Civil,Criminal",Any AI,Prepare,,Yes,,,,,,No,,,checked,,No,,,,,,"Pro Se Litigants,Attorneys",,2024-08,"County Courts at Law, Collin County","County Courts at Law, Collin County",,-,-
"In Re: Amendments to Rules Regulating the Florida Bar - Chapter 4: Rules 4-1.1, 4-1.6, 4-5.1, and 4-5.3",https://supremecourt.flcourts.gov/content/download/2439771/opinion/Opinion_SC2024-0032.pdf,Local Rule Amendment,-,State,US,Florida,Supreme Court of Florida,State Level,"Civil,Criminal",Gen AI,Use,,No,,,,,,No,,,,checked,No,,,,,,Attorneys,"Amended Comments to Florida Bar rules 4-1.1, 4-1.6, 4-5.1, and 4-5.3, adding a warning
about the necessity to take care in using generative artificial
intelligence",2024-08,Supreme Court of Florida,Supreme Court of Florida,,-,-
Amended and Restated Standing Order: XII. Motions (i),https://ocj-web-files.s3.us-east-2.amazonaws.com/orders/2024-09-03%20Standing%20Order%20-%20Calendar%2060.pdf?VersionId=YRDoJGoI.2Z31xJ_wHTxT7mAn75Dy.NG,Standing Order,Judge William B. Sullivan,State,US,Illinois,"Circuit Court of Cook County, Chancery Division, Mortgage Foreclosure/Mechanics Lien Section",Judge Level,Civil,Any AI,"Create,Analyze",,Yes,,,,,,No,,,,,No,,,,,,Any Parties,,2024-09,"Circuit Court of Cook County, Chancery Division, Mortgage Foreclosure/Mechanics Lien Section","Circuit Court of Cook County, Chancery Division, Mortgage Foreclosure/Mechanics Lien Section",Judge,William B. Sullivan,Sullivan
Standing Order for Civil Cases: D. Use of Generative Artificial Intelligence,https://www.casd.uscourts.gov/judges/robinson/docs/Civil%20Standing%20Order.pdf,Standing Order,Judge Todd W. Robinson,Federal,US,California,US DC Southern District of California,Judge Level,Civil,Gen AI,Create,,No,,,,,,No,,,,checked,FRCP 11,,,,,,"Pro Se Litigants,Attorneys",,2024-09,US DC Southern District of California,S.D. Cal.,Judge,Todd W. Robinson,Robinson
Civil Standing Order: VIII. Motions - General Requirements h. Artificial Intelligence,https://www.cacd.uscourts.gov/sites/default/files/documents/FWS/AD/Civil%20Standing%20Order%20UPDATED%2009-23-2024.pdf,Standing Order,Judge Fred W. Slaughter,Federal,US,California,US DC Central District of California,Judge Level,Civil,Gen AI,Generate Content,,Yes,,,,,,No,,,checked,,FRCP 11,,,,,,Any Parties,,2024-09,US DC Central District of California,C.D. Cal.,Judge,Fred W. Slaughter,Slaughter
Local Civil Rules LR 7.2(f) Disclosure of Use of Generative Artificial Intelligence,https://www.txnd.uscourts.gov/sites/default/files/documents/CIVRULES.pdf,Local Rules,-,Federal,US,Texas,US DC of Northern District of Texas,Court Level,Civil,Gen AI,Prepare,,Yes,,,checked,,,No,,,,,,,,,,,Any Parties,"""A party who files a brief that does not contain the disclosure required by subsection (f)(1) of this rule certifies that no part of the brief was prepared
using generative artificial intelligence.""",2024-09,US DC of Northern District of Texas,N.D. Tex.,,-,-
Local Criminal Rules LCrR 47.2(e) Disclosure of Use of Generative Artificial Intelligence,https://www.txnd.uscourts.gov/sites/default/files/documents/CRIMRULES.pdf,Local Rules,-,Federal,US,Texas,US DC of Northern District of Texas,Court Level,Criminal,Gen AI,Prepare,,Yes,,,checked,,,No,,,,,,,,,,,Any Parties,"""A party who files a brief that does not contain the disclosure required by subsection (f)(1) of this rule certifies that no part of the brief was prepared
using generative artificial intelligence.""",2024-09,US DC of Northern District of Texas,N.D. Tex.,,-,-
Rule 9011-1 Signing of Papers,https://www.nysb.uscourts.gov/sites/default/files/2024-09-30_Amended_LBRs_Final.pdf,Local Rules,-,Federal,US,New York,US Bankruptcy Court Souther District of New York,Court Level,Bankruptcy,Technology,Generate Content,,No,,,,,,No,,,,checked,FRBP 9011,,,,,,Any Parties,"Court references ""technology (e.g., ChatGPT, Google Bard, Bing AI Chat, or
generative artificial intelligence services)""",2024-09,US Bankruptcy Court Souther District of New York,Bankr. D. N.Y.,,-,-
Initial Procedural Order: 8. Use of Generative Artificial Intelligence,https://drive.google.com/file/d/18Ng--k7X5WwSjW9TnmG3EZIQMhdusydy/view?usp=sharing,Pretrial Order,"Judge Joseph F. Leeson, Jr.",Federal,US,Pennsylvania,US DC Eastern District of Pennsylvania,Case Level,Civil,Gen AI,Prepare,,Yes,checked,,checked,,,No,,,checked,,,,,,,,"Attorneys,Pro Se Litigants",,2024-09,US DC Eastern District of Pennsylvania,E.D. Pa.,Judge,"Joseph F. Leeson, Jr.",Leeson
Local Rules of the Texas Business Court,https://www.txcourts.gov/media/1459346/local-rules-of-the-business-court-of-texas.pdf,Local Rules,Judge Andrea K. Bouressa; Judge Bill Whitehill; Judge Melissa Andrews; Judge Patrick K. Sweeten; Judge Marialyn Barnard; Judge Stacy Sharp; Judge Jerry D. Bullard; Judge Brian Stagner; Judge Sofia Adrogué; Judge Grant Dorfman,State,US,Texas,Texas Business Court,Court Level,Civil,Any AI,Use,,No,,,,,,,,,,checked,,,,,,,"Attorneys,Any Parties",,2024-09,Texas Business Court,Texas Business Court,Judge,Andrea K. Bouressa,Bouressa
Matter of Weber,https://law.justia.com/cases/new-york/other-courts/2024/2024-ny-slip-op-24258.html,Court Opinion,Judge Jonathan G. Schopf,State,US,New York,"Surrogate's Court, Saratoga County",Court Level,Probate,Any AI,Generate Content,,No,,,,,,No,,,,,No,,,checked,,,Attorneys,All AI-Generated evidence must be subject to a Frye hearing prior to admission,2024-10,"Surrogate's Court, Saratoga County","Surrogate's Court, Saratoga County",Judge,Jonathan G. Schopf,Schopf
American Immigration Council v. U.S. Department of State: Order,https://www.ropesgray.com/-/media/ropes-post-pilot/microsites/ai/pdfs/2024/oct/american-immigration-council-v-us-department-of-state.pdf?rev=6f91efcdf9924ed695145d7d23be0ba5&hash=A48D72EC2901E92486EDF9EE9A13649E,Pretrial Order,"Judge Rossie D. Alston, Jr.",Federal,US,Virginia,"US DC Eastern District of Virginia, Alexandria Division",Case Level,Civil,Any AI,Use,,Yes,,,,,,No,,,checked,,No,,,,,,Any Parties,,2024-10,"US DC Eastern District of Virginia, Alexandria Division",E.D. Va.,Judge,"Rossie D. Alston, Jr.",Alston
L’intelligence artificielle générative – Guide pratique pour une utilisation responsible,https://www.barreau.qc.ca/media/bnddaqfd/guide-intelligence-artificielle-generative.pdf,Policy/Guidelines,Le Barreau du Québec,State,Canada,,,,,Gen AI,,,,,,,,,,,,,checked,,,,,,,Attorneys,,2024-10,,,,Le Barreau du Québec,Québec
"In Re Procedure Regulating Photography, Recording, and Broadcasting in Courthouse",https://www.sdcourt.ca.gov/sites/default/files/2025-01/general_order_010125-02.pdf,General Order,Judge Maureen F. Hallahan,State,US,California,Superior Court of California - County of San Diego,Court Level,"Civil,Criminal",Gen AI,Use,,No,,,,,,No,,,,,No,,,,,"Documenting, Photographing, Recording, Broadcasting Prohibited without Prior Written Judicial Approval",Any Parties,,2024-12,Superior Court of California - County of San Diego,Superior Court of California - County of San Diego,Judge,Maureen F. Hallahan,Hallahan
"Standing Order for Civil
Cases Assigned to Judge
Anne Hwang: E. Filing Requirements 5. Artificial Intelligence",https://www.cacd.uscourts.gov/sites/default/files/documents/AH/AD/AH-CIVIL%20Standing%20Order%20for%20Civil%20Cases.pdf,Standing Order,Judge Anne Hwang,Federal,US,California,US DC Central District of California,Judge Level,Civil,Gen AI,Generate Content,,Yes,,,,,,No,,,checked,,FRCP 11,,,,,,Any Parties,,2024-12,US DC Central District of California,C.D. Cal.,Judge,Anne Hwang,Hwang
"Civil Rules: 7.1 Motion Practice: (d) Word Limits, Generative AI, and Certificate of Compliance: (3) Generative Artificial Intelligence",https://www.ned.uscourts.gov/internetDocs/localrules/NECivR.2024.pdf,Local Rules,,Federal,US,Nebraska,US DC District of Nebraska,Court Level,Civil,Gen AI,Draft,,No,,,,,,No,,,,checked,FRCP 11,,,,,,Any Parties,"""All parties are expected, if using generative artificial
intelligence programs, to verify the contents of their filings.""",2024-12,US DC District of Nebraska,D. Neb.,,,
Soehlig v. Experian: Case Management & Scheduling Order,https://drive.google.com/file/d/18Ng--k7X5WwSjW9TnmG3EZIQMhdusydy/view?usp=sharing,Scheduling Order,Judge Harvey E. Schlesinger,Federal,US,Florida,"US DC Middle District of Florida, Jacksonville Division",Case Level,Civil,Any AI,Rely On,,No,,,,,,No,,,,checked,FRCP 11,,,,,,"Attorneys,Pro Se Litigants",,2024-12,"US DC Middle District of Florida, Jacksonville Division",M.D. Fla.,Judge,Harvey E. Schlesinger,Schlesinger
Illinois Supreme Court Policy on Artificial Intelligence,https://www.lawnext.com/wp-content/uploads/2024/12/Illinois-Supreme-Court-AI-Policy.pdf,Policy/Guidelines,-,State,US,Illinois,Illinois Supreme Court,State Level,"Civil,Criminal",Any AI,Use,,No,,,,,,No,,,,checked,No,,,,,,Any Parties,"User of AI must review AI-generated content for accuracy and compliance and ""understand both general AI capabilities and the specific tools
being utilized.""",2025-01,Illinois Supreme Court,Illinois Supreme Court,,-,-
Pretrial Schedule A: I. General Instructions: E. Use of Artificial Intelligence,https://drive.google.com/file/d/18Ng--k7X5WwSjW9TnmG3EZIQMhdusydy/view?usp=sharing,Scheduling Order,Judge Robert E. Payne,Federal,US,Virginia,"US DC Eastern District of Virginia, Richmond Division",Case Level,Civil,"Any AI, excluding standard research tools",Research,checked,No,,,,,,No,,,,,No,,,,,,"Attorneys,Pro Se Litigants",,2025-01,"US DC Eastern District of Virginia, Richmond Division",E.D. Va.,Judge,Robert E. Payne,Payne
Guidelines for the Use of Generative AI in the Practice of Law,https://lawsociety.nt.ca/wp-content/uploads/2025/02/LSNT-Guidelines-for-the-Use-of-Generative-AI-in-the-Practice-of-Law-FINAL.pdf,Policy/Guidelines,-,State,Canada,,Law Society of the Northwest Territories,State Level,,Gen AI,Use,,,,,,,,,,,,checked,,,,,,,Attorneys,"""Lawyers must uphold the standards of professional responsibility, ensuring compliance with the Code of Professional Conduct while embracing new technologies. This includes safeguarding confidentiality, maintaining competence, ensuring fairness in billing, addressing biases, and verifying the accuracy of AI-generated content. """,2025-01,Law Society of the Northwest Territories,Law Society of the Northwest Territories,,-,-
Standing Order - Calendar 60,https://ocj-web-files.s3.us-east-2.amazonaws.com/orders/Chancery%20-%20Calendar%2060%20-%20Judge%20Seaton%20-%20Standing%20Order%20%28eff.%20Feb.%2019%2C%202025%29.pdf?VersionId=Ibr6OItJ.1LuHyim4q4ICmAdsXbtUt4g,Standing Order,Judge Debra A. Seaton,State,US,Illinois,"Circuit Court of Cook County, Chancery Division, Mortgage Foreclosure/Mechanics Lien Section",Judge Level,Civil,Any AI,Use,,No,,,,,,No,,,,checked,"Ill. Sup. Ct. R 2.7,Ill. Sup. Ct. R 1.2, Ill. Sup. Ct. R. 137",,,,,,"Attorneys,Pro Se Litigants",,2025-02,"Circuit Court of Cook County, Chancery Division, Mortgage Foreclosure/Mechanics Lien Section","Circuit Court of Cook County, Chancery Division, Mortgage Foreclosure/Mechanics Lien Section",Judge,Debra A. Seaton,Seaton
"Guidelines to Parties and Counsel in Civil Cases Proceeding
Before the Honorable Tiffany R. Johnson:  3. Pretrial Case Management: A. Disclosure of Use of Artificial Intelligence (AI)",https://www.gand.uscourts.gov/sites/gand/files/TRJ_CVStandingOrder.pdf,Standing Order,Judge Tiffany R. Johnson,Federal,US,Georgia,"US DC Northern District of Georgia, Atlanta Division",Judge Level,Civil,Any AI,"Use,Prepare,Generate Content",,Yes,checked,,,,,,,,checked,,FRCP 11,,,,,,"Attorneys,Pro Se Litigants",,2025-02,"US DC Northern District of Georgia, Atlanta Division",N.D. Ga.,Judge,Tiffany R. Johnson,Johnson
IAS Rules: Artificial Intelligence,https://www.nycourts.gov/LegacyPDFS/courts/8jd/pdfs/IAS_Rules/JudgeNorris2025.pdf,Standing Order,Judge Michael J. Norris,State,US,New York,"8th Judicial District, Supreme Court, Niagra County",Judge Level,Civil,Gen AI,Prepare,,Yes,checked,,checked,,,No,,,checked,,No,,,,,,Any Parties,,2025-03,"8th Judicial District, Supreme Court, Niagra County","8th Judicial District, Supreme Court, Niagra County",Judge,Michael J. Norris,Norris
"Re: Interim Policy on the Use of Generative Artificial
Intelligence",https://www.sccourts.org/media/5vchofu5/order-re-interim-policy-on-genai.pdf,Policy/Guidelines,-,State,US,South Carolina,Supreme Court of South Carolina,State Level,"Civil,Criminal",Gen AI,Use,,No,,,,,,No,,,,checked,""" Rule 407, SCACR""",,,,,,"Attorneys,Pro Se Litigants","""Lawyers in particular must ensure that the use Generative AI does not
compromise client confidentiality or otherwise violate the South Carolina
Rules of Professional Conduct, Rule 407, SCACR.""",2025-03,Supreme Court of South Carolina,Supreme Court of South Carolina,,-,-
In re: Use of Generative Artificial Intelligence in Court Filings: General Order 2025-04,https://www.txs.uscourts.gov/sites/txs/files/general-orders/General_Order_2025-04_Use_of_Generative_AI_in_Court_Filings.pdf,General Order,Chief Judge Randy Crane,Federal,US,Texas,US DC Southern District of Texas,Court Level,Civil,Gen AI,Draft,,No,,,,,,,,,,checked,FRCP 11,,,,,,"Pro Se Litigants,Attorneys",,2025-05,US DC Southern District of Texas,S.D. Tex.,Chief Judge,Randy Crane,Crane
